email,first_name,last_name,license_plate,region
alex.taylor@example.com,Alex,Taylor,ZYX987,GP
olivia.martin@example.com,Olivia,Martin,WVU654,WC
liam.jackson@example.com,Liam,Jackson,TSR321,Zambia
ava.anderson@example.com,Ava,Anderson,QPO987,EC
noah.thomas@example.com,Noah,Thomas,NML654,FS
sophia.white@example.com,Sophia,White,KJI321,Mauritius
ethan.harris@example.com,Ethan,Harris,HGF987,NW
isabella.clark@example.com,Isabella,Clark,EDC654,Germany
